Id,BIRTHDATE,DEATHDATE,SSN,DRIVERS,PASSPORT,PREFIX,FIRST,LAST,SUFFIX,MAIDEN,MARITAL,RACE,ETHNICITY,GENDER,BIRTHPLACE,ADDRESS,CITY,STATE,COUNTY,FIPS,ZIP,LAT,LON,HEALTHCARE_EXPENSES,HEALTHCARE_COVERAGE,INCOME
8911a394-2a4d-990b-9e43-10f376c48d2e,2007-11-22,,999-41-7294,S99991694,,,Leonida214,Pfannerstill264,,,,white,nonhispanic,F,Haverhill  Massachusetts  US,684 Renner Bypass,Milford,Massachusetts,Worcester County,25027,01757,42.17207610978209,-71.51024136363155,25922.43,672442.99,67214
cc35bb0d-6010-28d5-1e19-493d0fdad3b9,2003-06-12,,999-76-5493,S99954124,X39894811X,Ms.,Kris249,Howell947,,,,asian,nonhispanic,F,Haverhill  Massachusetts  US,468 Schaefer Lock,Amherst,Massachusetts,Hampshire County,,00000,42.36796823177371,-72.47026495723331,52468.80,177024.79,93779
df228009-43b7-f853-ca6c-8c0499b53e9d,1983-10-10,2007-05-17,999-90-8883,S99925309,X81331013X,Mr.,Marty115,Murazik203,,,,white,nonhispanic,M,Oxford  Massachusetts  US,511 Dooley Walk Suite 13,Worcester,Massachusetts,Worcester County,25027,01602,42.2689518105425,-71.75214948189675,27779.75,22151.13,51551
b7485331-ed92-a923-b2aa-b939e6bea3cd,2005-11-30,,999-84-1890,S99926978,,Ms.,Blanca837,Zepeda235,,,,white,hispanic,F,Havana  Havana  CU,346 Bechtelar View Apt 8,Walpole,Massachusetts,Norfolk County,25021,02081,42.12570111593411,-71.23407874284645,58720.51,0.00,119813
7024694b-8896-9575-ff40-7f7c5e547b14,2001-05-05,,999-57-1626,S99966762,X14552593X,Ms.,Thresa531,Wyman904,,,,black,nonhispanic,F,Cordaville  Massachusetts  US,352 Keeling Annex,Westborough,Massachusetts,Worcester County,25027,01581,42.273311321942295,-71.61499381470263,80591.13,295210.02,171472
316ffd4e-b69e-b1a7-5a7e-5dfe18a6e04c,1993-05-14,,999-48-7031,S99913963,X80548806X,Mr.,Edwardo860,Heaney114,,,M,white,nonhispanic,M,Springfield  Massachusetts  US,283 Greenholt Dale Apt 31,White Island Shores,Massachusetts,Plymouth County,,00000,41.77679103084174,-70.68283926885425,407092.63,345656.08,71364
4d849313-7805-9a57-8edd-8a9d38f15d29,1995-10-29,,999-20-4529,S99954500,X14336087X,Ms.,Vinnie529,Hettinger594,,,S,white,nonhispanic,F,Burlington  Massachusetts  US,303 Jenkins Wall Suite 14,Forestdale,Massachusetts,Barnstable County,25001,02644,41.67381056861356,-70.52263439877552,89111.33,259151.35,97744
e0b6cdfd-78e4-aead-1623-5aee8b888e31,1983-01-10,,999-40-5146,S99930952,X31410800X,Mrs.,Gloria696,Molina998,,Ulloa39,D,white,hispanic,F,Caracas  Capital District  VE,227 Medhurst Lodge Suite 77,Newton,Massachusetts,Middlesex County,25017,02459,42.275820856304094,-71.16011220876894,265626.01,338860.90,91176
43c9d2bd-2b48-636c-b593-67ff5b17ef07,1964-04-27,2003-09-16,999-74-5287,S99924827,X79852393X,Mrs.,Karena692,Oberbrunner298,,Littel644,M,white,nonhispanic,F,Abington  Massachusetts  US,645 Bernier Estate Suite 48,Northborough,Massachusetts,Worcester County,25027,01532,42.28604127700424,-71.64153728117648,109954.58,594600.86,138473
cf2bf7dc-2b14-a027-3a77-bb3813883dc8,1979-08-28,1988-05-29,999-70-7713,,,,Corliss645,Cummings51,,,,white,nonhispanic,F,Granby  Massachusetts  US,645 Yundt Approach Unit 55,Worcester,Massachusetts,Worcester County,25027,01607,42.2311526426384,-71.84915342949866,139531.38,418172.47,35722
b5af64d8-c96f-a1d6-6b59-9d122a4d4ccf,1981-12-28,,999-60-7073,S99969685,X66044330X,Mrs.,Danielle72,Kilback373,,Anderson154,M,asian,nonhispanic,F,Busan  Busan  KR,543 Fay Village,Lowell,Massachusetts,Middlesex County,25017,01854,42.61371605180764,-71.31490310330076,11876.78,1164608.15,13019
fa1cd0a3-45da-90ea-9884-fd6fac2f89d2,2007-06-20,,999-59-5122,S99981183,,,Fernando603,Hayes766,,,,white,nonhispanic,M,Billerica  Massachusetts  US,566 Lubowitz Throughway Suite 98,Methuen,Massachusetts,Essex County,25009,01844,42.72634600118662,-71.20822235288486,22572.13,1807.50,36801
52daeb51-00d4-aee7-accb-f254cd7d5f79,1973-03-09,,999-82-9292,S99925478,X6046512X,Mr.,Tracy345,Ratke343,,,D,white,nonhispanic,M,Woburn  Massachusetts  US,749 O'Hara Overpass Unit 7,Boston,Massachusetts,Suffolk County,25025,02199,42.31480387958294,-71.11429554487424,54530.73,112216.59,189580
110cf16f-4d05-1be9-8a5a-ce6892f317b3,1978-08-26,,999-13-9117,S99956742,X17731184X,Mrs.,Julieann172,Jast432,,Spinka232,M,white,nonhispanic,F,Plympton  Massachusetts  US,610 Douglas Drive,Lawrence,Massachusetts,Essex County,25009,01841,42.713390594872315,-71.14809344277263,9847.49,434132.50,19365
5951a830-a7f8-787f-b643-4b0cb616184d,1983-10-10,,999-75-3549,S99913854,X31688088X,Mr.,Terrell212,Baumbach677,,,M,white,nonhispanic,M,Bedford  Massachusetts  US,664 Corwin Village,Worcester,Massachusetts,Worcester County,25027,01607,42.24098328684587,-71.77588614843276,66906.85,0.00,51551
414cbddd-9b11-0dd0-632b-be5dfa363bdd,1976-12-28,2005-08-30,999-51-1564,S99972214,X78196874X,Mr.,Emmitt44,Batz141,,,M,white,nonhispanic,M,Ware  Massachusetts  US,175 Ullrich Course,Revere,Massachusetts,Suffolk County,25025,02151,42.3724026724566,-70.98786194349076,144673.78,0.00,71184
e511c0ff-f606-8fef-2999-052f2e5bb974,2010-01-31,,999-59-3260,,,,Elias404,Herzog843,,,,white,nonhispanic,M,Blackstone  Massachusetts  US,1014 Harber Dam,Lynn,Massachusetts,Essex County,25009,01906,42.51837517235617,-71.01044532220774,62056.97,0.00,42088
812407f4-f764-7d06-2394-d4b28563c860,1989-12-28,,999-83-6668,S99942653,X66493881X,Mr.,Conrad619,Stoltenberg489,,,M,white,nonhispanic,M,Woburn  Massachusetts  US,205 McClure Camp Apt 15,Brockton,Massachusetts,Plymouth County,25023,02301,42.07853298231039,-70.97948488727964,33424.61,2270.24,99599
09c70adb-084d-493b-5c0b-bf4f69712c17,2004-10-26,,999-69-7936,S99936103,,Mr.,Alton320,Towne435,,,,white,nonhispanic,M,Tyngsborough  Massachusetts  US,900 Lesch Route Apt 12,Chicopee,Massachusetts,Hampden County,25013,01022,42.16655480407417,-72.5506403110862,26869.22,0.00,127800
3d6f8495-9fc3-b86b-c64b-bccb2ce5c607,1949-08-28,2015-12-22,999-27-5319,S99994331,X58817888X,Mr.,Deangelo7,Heller342,,,D,white,nonhispanic,M,Winthrop  Massachusetts  US,360 Feil Tunnel Apt 5,East Brookfield,Massachusetts,Worcester County,25027,01515,42.24193887558397,-72.04461201731942,79006.06,50647.91,128261
1ce19ed5-32b7-7060-6d0a-32587f82a730,1991-07-25,,999-36-6382,S99977513,X44160649X,Mr.,Jerold208,Weissnat378,,,M,white,nonhispanic,M,Salisbury  Massachusetts  US,357 Wintheiser Walk Unit 75,Sudbury,Massachusetts,Middlesex County,,00000,42.431121438756065,-71.4044167648106,80664.00,22633.80,236261
b5fc1712-f0a0-ab06-9319-7da807f07caa,1954-12-28,,999-92-6523,S99917466,X84055442X,Mr.,Kenny207,Schulist381,,,M,white,nonhispanic,M,Lawrence  Massachusetts  US,1078 Trantow Park,Oak Bluffs,Massachusetts,Dukes County,,00000,41.47005447416669,-70.52298405372304,146871.70,71789.84,86752
5c75fa54-de50-1ef1-0e6b-9184cc0a46eb,1958-04-17,,999-14-9046,S99964243,X58146489X,Mrs.,Lorina403,Miller503,,Turcotte120,W,white,nonhispanic,F,Westport  Massachusetts  US,384 Witting Port,Pepperell,Massachusetts,Middlesex County,25017,01463,42.68715736868115,-71.62191149107464,1052314.34,440259.09,84260
b22bc8ba-813f-faf4-7c2a-b16af0b3254f,1990-10-01,,999-26-8829,S99963658,X18531701X,Mr.,Moises22,Stokes453,,,M,white,nonhispanic,M,Plymouth  Massachusetts  US,516 Hermiston Plaza,Greenfield,Massachusetts,Franklin County,25011,01301,42.657796942120434,-72.59851273510951,5300.00,50598.91,18009
3f9a7222-8b6b-1ceb-3bd8-1429af7909b2,1974-10-25,,999-33-8398,S99983504,X84001484X,Mrs.,Ira784,Flatley871,,Waelchi213,M,white,nonhispanic,F,Somerville  Massachusetts  US,870 Bauch Gate,Harwich,Massachusetts,Barnstable County,,00000,41.74374357014858,-70.09097151772964,528720.31,396512.57,92334
d1806dd8-148e-1681-04e0-cef22cf6f84d,2007-09-25,,999-21-2011,S99933494,,,Wanita14,Parker433,,,,white,hispanic,F,Attleboro  Massachusetts  US,985 McLaughlin Loaf,Lawrence,Massachusetts,Essex County,25009,01840,42.73605206793825,-71.11339972536514,2900.00,34262.06,21949
5e4e71d9-e27a-8b52-cc42-028eb4781810,1979-08-28,,999-97-6719,S99969411,X80741294X,Mrs.,Delphine397,Batz141,,Stehr398,D,white,nonhispanic,F,Fall River  Massachusetts  US,625 Stehr Lane Suite 99,Worcester,Massachusetts,Worcester County,25027,01603,42.35042787341025,-71.75358417283987,477133.02,803728.00,35722
84f89ce7-f672-5a1d-2ebb-18be1deba422,1951-01-29,,999-65-7862,S99935564,X44882641X,Mr.,Deon400,Buckridge80,,,M,white,nonhispanic,M,Hopkinton  Massachusetts  US,704 Halvorson Corner,Waltham,Massachusetts,Middlesex County,25017,02472,42.320735051959275,-71.27072543029789,113181.11,78057.48,190847
df36dd24-433c-bc00-0d4e-f18f90467e9d,1995-01-27,,999-75-4197,S99939682,X82922200X,Mrs.,Dolores502,Armas910,,Rivas297,M,white,hispanic,F,Lima  Lima Province  PE,464 Nolan Bypass,Boston,Massachusetts,Suffolk County,25025,02113,42.37313784593117,-71.13391621384262,92254.69,213345.65,69961
4b69a344-499e-15e6-3b3b-aff87051ea63,2004-04-23,,999-74-9993,S99987456,,Ms.,Alishia395,Heller342,,,,white,nonhispanic,F,East Douglas  Massachusetts  US,247 Schaden Club,Westport,Massachusetts,Bristol County,,00000,41.616109382499644,-71.12690878312785,4700.00,51387.22,14959
17c788af-4985-5a26-fb9d-cca217ce690c,2016-01-19,,999-30-6182,,,,Agustin437,Boyle917,,,,black,nonhispanic,M,Hopkinton  Massachusetts  US,681 Ritchie Park,Springfield,Massachusetts,Hampden County,25013,01106,42.06980373251156,-72.50169162969448,16115.31,4141.42,47798
6cbb862d-c986-3b48-7ba0-e75e031c30ef,1963-04-03,,999-76-6828,S99948204,X34100291X,Mr.,Arnoldo445,Osinski784,,,W,asian,nonhispanic,M,Fitchburg  Massachusetts  US,270 Williamson Drive Suite 63,Billerica,Massachusetts,Middlesex County,,00000,42.591357280051334,-71.30363099936432,916254.79,28983.99,91643
68107ea2-46a4-94d0-c76b-f96f092804c5,1987-10-12,,999-94-2096,S99986168,X86561151X,Mr.,Deandre599,Corkery305,,,M,white,nonhispanic,M,Rowley  Massachusetts  US,355 Gorczany Branch,Woburn,Massachusetts,Middlesex County,25017,01801,42.442025911711625,-71.19426725821828,45948.19,287.37,51150
79666e1b-425b-2dbb-0307-fb33a249d6fe,1935-04-09,2016-10-05,999-33-3664,S99922000,X75806096X,Mrs.,Taneka590,Hirthe744,,Predovic534,M,black,nonhispanic,F,Weston  Massachusetts  US,313 Glover Trafficway Unit 77,Springfield,Massachusetts,Hampden County,25013,01109,42.088597491105254,-72.58142724674528,829234.53,485282.23,76387
bdd13e6b-1e22-d68c-8ba9-02aff96907d6,1976-12-28,,999-14-3350,S99975547,X51422040X,Mr.,Rick943,Doyle959,,,M,white,nonhispanic,M,Easton  Massachusetts  US,746 Hackett Camp Unit 5,Revere,Massachusetts,Suffolk County,25025,02151,42.46817651857908,-70.95875299138335,54693.04,519.39,71184
76b8ef2f-595b-4512-cddd-ee643a98ad7e,1982-05-30,,999-32-3393,S99915595,X67029616X,Mr.,Noe500,Kuvalis369,,,M,black,nonhispanic,M,Cochituate  Massachusetts  US,490 Jast Rapid Unit 31,Boston,Massachusetts,Suffolk County,25025,02132,42.36173124826568,-71.07979755815956,72522.41,12203.42,83186
c71c3512-1a6e-110d-8416-cc3c7ea35e3c,2007-12-25,,999-40-8982,S99929232,,,Beau391,Moen819,,,,white,nonhispanic,M,Agawam  Massachusetts  US,124 Heaney Run Unit 2,Holyoke,Massachusetts,Hampden County,25013,01040,42.195187253030355,-72.67873784323255,9376.14,46650.10,149809
a317739c-df0f-5daa-17dd-7ef75905f00b,2003-02-21,,999-39-3683,S99971436,X49579076X,Ms.,Kenyatta61,Sawayn19,,,,white,nonhispanic,F,Harwich  Massachusetts  US,133 Okuneva Passage,Norwood,Massachusetts,Norfolk County,25021,02090,42.169899851116874,-71.23912515339185,23143.94,844527.37,82161
ef74f117-2952-a8e7-eb79-22735228653c,1964-04-27,,999-93-9601,S99967186,X10223490X,Mrs.,Anamaria46,Considine820,,Greenholt190,D,white,nonhispanic,F,Boston  Massachusetts  US,304 Hyatt Viaduct,Northborough,Massachusetts,Worcester County,25027,01532,42.300744698703305,-71.64406817713828,328280.78,928368.75,138473
1415fbb0-51b5-aae3-b41f-d041edf084ec,1983-01-29,,999-21-8528,S99955105,X42570344X,Mrs.,Lucile200,Crist667,,Dooley940,M,white,nonhispanic,F,Pittsfield  Massachusetts  US,915 Harris Promenade Unit 14,New Bedford,Massachusetts,Bristol County,25005,02747,41.63620346817749,-70.88315755249887,305692.02,252565.61,46635
da2576ac-a73e-04b8-f207-60f92b74acf3,2002-04-23,,999-22-4228,S99911746,X63172314X,Mr.,Jeromy156,Hackett68,,,,white,nonhispanic,M,Springfield  Massachusetts  US,267 Lind Club,Needham,Massachusetts,Norfolk County,25021,02492,42.24030048283043,-71.26186827966411,26149.26,0.00,497560
5993d342-e830-213f-5eb8-fc53d7848ff0,1965-11-24,,999-94-4207,S99915961,X33081396X,Mrs.,Adriene242,Moore224,,Reilly981,M,white,nonhispanic,F,Medford  Massachusetts  US,580 Keeling Extension Suite 73,Wayland,Massachusetts,Middlesex County,,00000,42.39313069229072,-71.39136776060647,934222.06,1062930.12,48164
38b7ab9e-81f6-d972-8758-6871ff3d4113,2018-01-18,,999-79-4224,,,,Ernesto186,Salazar800,,,,white,hispanic,M,San Jose  San Jose  CR,1030 Ankunding Terrace,Holyoke,Massachusetts,Hampden County,25013,01040,42.209284347894936,-72.68978623389174,10031.92,7819.14,751712
3d17ffa9-c73a-b62b-bdaf-7a8925df2e07,1984-05-08,,999-26-4016,S99972543,X56605515X,Mrs.,Erika442,Denesik803,,Gulgowski816,M,other,nonhispanic,F,Newton  Massachusetts  US,1047 Wisozk Lock,Raynham Center,Massachusetts,Bristol County,25005,02768,41.914599937178394,-71.05096705540261,256411.33,654590.30,130334
680405eb-08f4-b4e3-7b9c-118ec9ebb479,1992-12-24,,999-78-6385,S99940128,X47700972X,Mrs.,Ettie537,Crona259,,Fadel536,M,white,hispanic,F,Boston  Massachusetts  US,659 Bradtke Key,Agawam,Massachusetts,Hampden County,25013,01030,42.04483252279819,-72.70568406755798,144628.86,881838.25,164996
86d9269d-364d-45ce-1c62-6aea6e0c7430,2009-02-10,,999-99-6691,,,,César846,Mascareñas995,,,,white,hispanic,M,Marigot  Saint Andrew Parish  DM,792 Ankunding Byway Unit 17,Lawrence,Massachusetts,Essex County,25009,01840,42.738168201390835,-71.17690214470575,2368.71,24931.33,23754
50de5e8b-077b-76a1-2bf1-474b6e29e3a8,1998-10-01,,999-60-1730,S99943294,X28424644X,Ms.,Jina946,Gerlach374,,,,white,nonhispanic,F,Weymouth  Massachusetts  US,519 Schaefer Mill,Chelsea,Massachusetts,Suffolk County,25017,02149,42.44828037067879,-71.01779285420892,37654.86,0.00,144499
d7fa5ce5-29b9-7a52-0120-c4e0cd235119,1929-12-27,2003-01-11,999-89-2666,S99924701,X28437566X,Mr.,Shon148,Ritchie586,,,M,white,nonhispanic,M,Lawrence  Massachusetts  US,546 Reinger Throughway Suite 93,Pittsfield,Massachusetts,Berkshire County,25003,01201,42.40533007474279,-73.23522723868005,282517.40,1335156.06,59354
7096e0ff-c20c-1fcc-d99a-dcddaf0b8e8e,1949-08-28,,999-61-5256,S99957703,X6000068X,Mr.,Buster609,Konopelski743,,,W,white,nonhispanic,M,Boston  Massachusetts  US,460 Sawayn Mews Suite 7,East Brookfield,Massachusetts,Worcester County,25027,01515,42.16026391700448,-72.06289321222556,124271.43,216786.95,128261
b99573bf-82ac-aa63-c175-a36ae7b973e4,2002-09-01,,999-38-7000,S99949754,X49552005X,Ms.,Crystle668,Quitzon246,,,,hawaiian,nonhispanic,F,Somerville  Massachusetts  US,851 Feeney Overpass Apt 67,Chelsea,Massachusetts,Suffolk County,25025,02151,42.416906846251145,-71.05293396081925,41093.40,7976.27,114292
a1b68eb1-29f0-2694-6926-ed8cc3869ce5,1980-10-15,,999-41-9928,S99994896,X85022257X,Mr.,Marco578,Jerde200,,,D,white,nonhispanic,M,Worcester  Massachusetts  US,354 Deckow Flat,Arlington,Massachusetts,Middlesex County,25017,02474,42.38165601717404,-71.13893314273692,84950.06,13462.76,44913
073d91fa-a67c-9669-f7d5-227743746475,2009-06-30,,999-67-5256,,,,Magdalena964,Correa904,,,,white,hispanic,F,Santo Domingo  National District  DO,140 Bosco Skyway,Northbridge,Massachusetts,Worcester County,,00000,42.12875976073702,-71.60621959148705,23616.25,0.00,146419
be9f021b-59bd-6fd9-a56a-60a58c0830b5,2023-12-19,,999-47-5639,,,,Lee268,Morar593,,,,white,nonhispanic,M,Cambridge  Massachusetts  US,727 Abbott Annex,Waltham,Massachusetts,Middlesex County,25017,02453,42.40615454674503,-71.22423627152969,1651.48,773.91,75979
591cb472-5624-06c9-2181-3ea9aedd7705,1959-05-07,2012-07-13,999-68-6001,S99983669,X39347411X,Mr.,Jewell855,Connelly992,,,M,white,nonhispanic,M,Boston  Massachusetts  US,396 Stiedemann Meadow,Rockland,Massachusetts,Plymouth County,,00000,42.14438666269931,-70.93098555686763,466551.14,414454.90,65310
aa6ef6ab-a257-663f-c338-01ea732fffeb,1968-08-03,,999-43-6215,S99952734,X25865520X,Mrs.,Neida631,Feest103,,Bernhard322,M,black,hispanic,F,Groveland  Massachusetts  US,730 Kunde Crossing Suite 30,Boston,Massachusetts,Suffolk County,25025,02108,42.40632440396609,-71.16325057754241,15371.12,1191769.39,6907
627ea66f-27ea-b619-a3d0-f7d6885b3e38,1979-03-28,,999-50-6721,S99962881,X77107620X,Mr.,Alex454,Orn563,,,M,white,nonhispanic,M,Duxbury  Massachusetts  US,542 Wunsch Highlands,Worcester,Massachusetts,Worcester County,25027,01603,42.256571131613555,-71.85499147539397,66694.31,9782.48,53546
01c561b0-2690-ab1e-4686-783c6476d248,1965-04-27,,999-62-3653,S99944142,X81035519X,Mr.,Yong583,Heathcote539,,,M,black,nonhispanic,M,East Longmeadow  Massachusetts  US,340 Mueller Arcade,Newton,Massachusetts,Middlesex County,25017,02458,42.338312514693705,-71.26259181268796,114676.16,30733.40,138143
e86dc516-aa64-d3ed-9b34-cf64ded32988,1969-07-19,,999-25-4480,S99951049,X69429661X,Mrs.,Laurena366,Rath779,,Walsh511,M,white,nonhispanic,F,Lowell  Massachusetts  US,365 Wolff Station,Agawam,Massachusetts,Hampden County,25013,01030,42.05226907865257,-72.66425625376384,233604.47,1214482.91,53009
51785d17-2892-ab79-7557-949dd2fa746b,1972-07-25,,999-71-4227,S99973158,X70459774X,Mrs.,Aracely711,Adams676,,Conn188,D,white,nonhispanic,F,New Bedford  Massachusetts  US,112 Legros Crossroad Suite 32,Fall River,Massachusetts,Bristol County,25005,02720,41.72724429828838,-71.12201414144903,320287.18,179561.05,35415
2c32baa2-6279-5e9c-06e6-6b84fcde0398,1977-06-13,,999-51-3017,S99943978,X73417696X,Mr.,Omar359,Russel238,,,D,white,nonhispanic,M,Marshfield Hills  Massachusetts  US,197 Ward Trace,Great Barrington,Massachusetts,Berkshire County,25003,01230,42.19585341306475,-73.35823240555413,245026.11,720.33,47618
680ddc9f-f416-3a9b-de90-4a1f7d06d937,1978-09-03,,999-98-6356,S99956151,X63535983X,Mr.,Richie600,Wisoky380,,,M,white,hispanic,M,Acton  Massachusetts  US,569 Harris Meadow,Holden,Massachusetts,Worcester County,,00000,42.356540660399205,-71.86254692887633,64080.26,0.00,80249
8e79b4a3-2f97-5931-b57e-64317f3e302e,2000-04-09,,999-89-8217,S99921274,X76791982X,Mr.,Gonzalo160,Velásquez56,,,,white,hispanic,M,San Jose  San Jose  CR,577 Bailey Run,Chicopee,Massachusetts,Hampden County,25013,01013,42.1975009286884,-72.57351179595587,6299.59,64301.67,12184
6300ee78-5db2-c751-8198-91a8ad3969ff,1999-06-08,,999-30-3876,S99995845,X56264252X,Mr.,Gene733,Kub800,,,,white,nonhispanic,M,Boston  Massachusetts  US,511 Veum Common Apt 88,Raynham,Massachusetts,Bristol County,,00000,41.97636309721866,-71.09582318203469,39573.72,3546.05,389979
e47b3f70-d779-77de-f90f-e505becd30f7,2003-06-06,,999-42-5802,S99927647,X22968809X,Ms.,Danika134,Pouros728,,,,white,nonhispanic,F,North Andover  Massachusetts  US,627 Boehm Crossroad Suite 68,Arlington,Massachusetts,Middlesex County,25017,02474,42.39221341059163,-71.21329412993076,3435.55,104556.80,19414
ea76b336-b358-a4bd-2d65-02322adf8f7d,1970-03-05,,999-64-6589,S99926502,X25922884X,Mrs.,Luis923,Huels583,,Cummerata161,M,white,nonhispanic,F,Attleboro  Massachusetts  US,1000 Cruickshank Course Apt 98,Boston,Massachusetts,Suffolk County,25025,02134,42.33301459107393,-71.04248412798906,18934.03,1586086.20,8333
6802e138-eb58-4593-7358-9cf4eea064a3,1974-07-01,,999-86-9466,S99917116,X86170282X,Mr.,Benedict104,Windler79,,,M,white,nonhispanic,M,Attleboro  Massachusetts  US,1014 Stiedemann Club,Boston,Massachusetts,Suffolk County,25025,02124,42.33575129787522,-71.00192333893897,85368.62,0.00,113805
28f5d51a-970f-a610-78a7-709401725124,2003-10-11,,999-94-4112,S99989322,X10945336X,Mr.,Devon268,Howe413,,,,white,nonhispanic,M,Attleboro  Massachusetts  US,249 Cruickshank Ranch,Ludlow,Massachusetts,Hampden County,,00000,42.18497610932682,-72.41977829564549,25652.19,0.00,95218
0f8d6939-0043-6b17-95d6-98a64e7a7f6c,1973-09-08,,999-83-9645,S99946175,X75809863X,Mr.,Homer307,Purdy2,,,S,black,nonhispanic,M,Revere  Massachusetts  US,442 Haag Mall Apt 57,Peabody,Massachusetts,Essex County,25009,01940,42.580590798865664,-70.93103398752399,259455.55,750977.38,153299
e88aa1bc-9188-c69e-9fde-94401468efd2,1984-09-07,,999-18-9951,S99953891,X44930108X,Mrs.,Gregoria352,Franecki195,,Lehner980,M,white,nonhispanic,F,Westborough  Massachusetts  US,738 Donnelly Light Unit 13,Stoneham,Massachusetts,Middlesex County,25017,02180,42.50191711375717,-71.05570630289563,117850.42,698283.90,233893
d1534217-5af5-4399-32a9-ab0f8a84fa24,1928-06-28,2015-07-06,999-57-1625,S99959133,X74903032X,Mrs.,Juanita470,Walker122,,Aufderhar910,D,asian,nonhispanic,F,Littleton  Massachusetts  US,110 Bauch Common,Norwood,Massachusetts,Norfolk County,25021,02090,42.25843195936386,-71.17090608895795,375720.21,2097957.02,30720
cb4051a1-2722-f3a4-6a12-d4ef2cff6411,1935-04-09,1993-01-28,999-55-2057,S99976775,X9295894X,Mrs.,Ilene33,Funk324,,Lemke654,D,black,nonhispanic,F,Salem  Massachusetts  US,1078 O'Hara Dam Apt 73,Springfield,Massachusetts,Hampden County,25013,01107,42.06915391952648,-72.49007538061548,993407.29,290797.05,76387
539d45b1-c5b3-c868-5125-5a440249b3e9,1929-12-27,,999-15-4298,S99921031,X54002352X,Mr.,Cedric746,Reichert620,,,M,white,nonhispanic,M,Walpole  Massachusetts  US,684 Cronin Overpass,Pittsfield,Massachusetts,Berkshire County,25003,01201,42.48219043195263,-73.23583106970653,110919.26,149462.73,59354
6601a86a-8060-0429-f4c5-f2270511b774,1949-01-17,1992-08-05,999-18-3316,S99984424,X17834357X,Mr.,Kristopher775,O'Connell601,,,M,white,nonhispanic,M,Boston  Massachusetts  US,1069 Schuster Bay Apt 19,Millis,Massachusetts,Norfolk County,,00000,42.1422812467527,-71.3809508034747,55757.69,267623.97,595922
76a5f4e5-eace-80b6-d325-930d375cb854,1963-12-13,,999-80-6713,S99982660,X22456199X,Mrs.,Jayne73,Kassulke119,,Zboncak558,M,white,nonhispanic,F,Middleton  Massachusetts  US,770 Volkman Green,Springfield,Massachusetts,Hampden County,25013,01104,42.15285867758027,-72.47661467640135,16082.89,1185695.28,13246
1beb2dc2-a62c-e742-ba16-560c6d4f4688,2011-10-24,,999-73-2972,,,,Thad495,Von197,,,,white,nonhispanic,M,West Springfield  Massachusetts  US,633 Hermiston Orchard,Worcester,Massachusetts,Worcester County,25027,01607,42.31364152543863,-71.80448182528274,2000.27,21801.26,11160
b4bb03e6-1e7f-5e2f-4d05-738e7f4a8034,1970-02-10,,999-11-3316,S99929036,X17113549X,Mrs.,Ocie984,Herman763,,Gutmann970,W,white,nonhispanic,F,Lawrence  Massachusetts  US,768 Quitzon Annex,Weymouth,Massachusetts,Norfolk County,25021,02188,42.23179789438639,-70.95173727197607,245940.23,889258.16,216621
1b04c90e-cadb-d093-18a8-78d832b6f06f,1984-01-26,,999-96-8161,S99912675,X6637936X,Mrs.,Libbie63,Collier206,,McCullough561,M,white,nonhispanic,F,Berlin  Massachusetts  US,356 Lind Club,Revere,Massachusetts,Suffolk County,25025,02151,42.397685895008756,-70.98172697805373,492323.92,635092.89,50459
b9a24221-c193-ffad-eafb-4c9d0d6f8621,2003-06-30,,999-28-4761,S99942329,X62811050X,Mr.,Calvin845,Beatty507,,,,white,nonhispanic,M,Rehoboth  Massachusetts  US,949 Connelly Haven,Springfield,Massachusetts,Hampden County,25013,01128,42.08591666033812,-72.60006567093069,43870.45,7095.54,43666
cefbc473-ef8a-43f1-4257-31aa517d3aa5,2006-02-17,,999-77-7931,S99922615,,Ms.,Cora299,Conroy74,,,,white,nonhispanic,F,Fall River  Massachusetts  US,527 Gleichner Avenue Suite 25,Franklin,Massachusetts,Norfolk County,25021,02038,42.053749932053535,-71.43168069219183,28802.09,2225.31,186372
3fc32b38-8a13-d558-9e14-b448b2129006,1965-03-18,,999-29-9984,S99977856,X52796048X,Mr.,Rigoberto443,Streich926,,,M,white,nonhispanic,M,Boxford  Massachusetts  US,807 Pagac Brook Suite 24,Mansfield,Massachusetts,Bristol County,,00000,41.97638552090741,-71.17039292448644,47961.50,702237.87,150046
4b735420-849a-e51c-b360-eaa5fe9552d3,1970-08-06,,999-32-8112,S99923597,X10316895X,Mr.,Trent525,Bosco882,,,M,white,nonhispanic,M,Stoneham  Massachusetts  US,713 Ferry Vista Unit 54,Worcester,Massachusetts,Worcester County,25027,01603,42.214984483918066,-71.83490928625766,135412.13,41551.85,48431
839ee0ff-6f47-bfe8-c661-8270f048d734,2008-03-25,,999-89-5037,S99924456,,,Ezra452,Hintz995,,,,white,nonhispanic,M,Boston  Massachusetts  US,247 Boehm Passage Suite 70,Upton,Massachusetts,Worcester County,25027,01568,42.200809329482276,-71.59757433846455,28071.31,47340.32,32496
b3607c59-5802-bda4-c9f9-d400c5142e73,1998-06-13,,999-24-3913,S99917628,X69730083X,Mr.,Douglas31,Hartmann983,,,,white,nonhispanic,M,Longmeadow  Massachusetts  US,624 Harris Well Suite 47,Boston,Massachusetts,Suffolk County,25025,02135,42.314849987319135,-71.146250540721,23739.98,10759.70,303981
948ff4ba-bd9f-885d-6d55-7a3771e16ad9,1959-05-07,,999-10-2025,S99953377,X38268270X,Mr.,Lucas404,Hilpert278,,,D,white,nonhispanic,M,Shrewsbury  Massachusetts  US,585 West Loaf,Rockland,Massachusetts,Plymouth County,,00000,42.13910228079164,-70.89771113147803,603986.55,469651.95,65310
15e9d09d-3df8-b792-9212-c984f2620b43,1961-04-19,2018-05-02,999-67-4163,S99977174,X51588008X,Mr.,Terrence276,Wuckert783,,,D,white,nonhispanic,M,Worcester  Massachusetts  US,662 Rosenbaum Mall,Billerica,Massachusetts,Middlesex County,,00000,42.561238587599554,-71.30696634423883,75887.96,2224619.96,139408
e879962c-9893-d936-7a9a-9863cce2a2f5,2001-08-21,,999-75-4868,S99985702,X6599445X,Mr.,Lawerence6,Stamm704,,,,white,nonhispanic,M,Lynn  Massachusetts  US,897 Hyatt Rue Unit 66,Carver,Massachusetts,Plymouth County,,00000,41.82628269796085,-70.74413288668283,84730.41,687413.68,90654
8060778e-9515-0904-3be6-666645397461,1995-10-03,,999-17-9790,S99969064,X18330482X,Mrs.,Irene779,Saldaña5,,Rosas160,M,white,hispanic,F,Marigot  Saint Andrew Parish  DM,535 Ruecker Junction Suite 66,Boston,Massachusetts,Suffolk County,25025,02199,42.32499848478926,-71.07095076398424,12042.58,186124.28,17789
34935e4b-cd12-249b-33e4-921c3fa08b42,1957-02-09,,999-52-1878,S99967210,X72438111X,Mr.,Darell496,Hermiston71,,,S,white,nonhispanic,M,Pepperell  Massachusetts  US,926 Jaskolski Light,Rockland,Massachusetts,Plymouth County,,00000,42.13451764658343,-70.86418216117643,80056.02,155309.23,111878
223c65b2-64a5-b7c3-50f6-e65f588d9bd9,1981-09-03,,999-12-2078,S99975364,X3634261X,Ms.,Jordan900,Gottlieb798,,,S,white,nonhispanic,F,Attleboro  Massachusetts  US,223 Hermann Junction,Winchester,Massachusetts,Middlesex County,25017,01890,42.43593609414564,-71.13873519989538,231789.57,543469.20,243045
46ac271b-5dda-dcc8-961f-6dc6910a42f6,2008-01-28,,999-50-3842,S99976477,,,Rupert654,Trantow673,,,,white,nonhispanic,M,Boston  Massachusetts  US,606 Grady Bay,Chesterfield,Massachusetts,Hampshire County,,00000,42.38850176010905,-72.80746652503159,29285.70,2498.49,61715
33a85900-189f-70dc-b13f-b6db15cbf91f,1976-10-27,,999-52-4875,S99930956,X50967496X,Ms.,Kaley842,Stracke611,,,S,white,nonhispanic,F,Pittsfield  Massachusetts  US,697 Smitham Park Apt 39,Shrewsbury,Massachusetts,Worcester County,,00000,42.25352717300993,-71.70449252645764,155922.94,313567.82,199563
67db061a-3436-52cf-4ac4-87b7d23f50f9,1974-05-03,,999-26-4541,S99964827,X15235813X,Mr.,Efrain317,Torphy630,,,M,asian,nonhispanic,M,Busan  Busan  KR,866 Carter Brook,Gloucester,Massachusetts,Essex County,25009,01930,42.5860395651684,-70.71882363685494,93907.57,13246.21,90217
4114ef59-50e6-8aca-fcdc-e0d87e8018a0,1972-02-03,,999-96-6817,S99939847,X7047620X,Mrs.,Karyl215,Hermann103,,Parker433,D,white,nonhispanic,F,Lexington  Massachusetts  US,642 Quigley Estate,Georgetown,Massachusetts,Essex County,,00000,42.77009557794709,-71.00654264190956,285383.73,913514.47,146133
e1893692-8833-1403-3867-5816f80d7c57,2019-06-04,,999-35-8357,,,,Duncan491,Ullrich385,,,,hawaiian,hispanic,M,Malden  Massachusetts  US,415 Kertzmann Boulevard,Springfield,Massachusetts,Hampden County,25013,01129,42.091127855156934,-72.48363628073983,9217.51,1778.58,35584
93a037db-92f1-7e61-c59b-a689c94ce94c,2014-09-12,,999-82-4703,,,,George991,Bernhard322,,,,white,nonhispanic,M,Granby  Massachusetts  US,210 Ratke Bay Apt 97,Cambridge,Massachusetts,Middlesex County,25017,02141,42.40106570376082,-71.16386135272913,15004.79,0.00,94788
1324d95e-a761-4aa3-82e3-14863d063f2d,1949-01-17,,999-69-7814,S99920605,X7038804X,Mr.,Bernie827,Gerlach374,,,W,white,nonhispanic,M,Taunton  Massachusetts  US,673 Rogahn Bypass Apt 67,Millis,Massachusetts,Norfolk County,,00000,42.21833078320633,-71.38009282942267,99368.61,114046.56,595922
67def1c3-2a17-be43-2150-8a9190212654,1967-07-10,,999-81-1391,S99990481,X27629841X,Mrs.,Kattie846,Hickle134,,Jacobson885,W,white,nonhispanic,F,Woburn  Massachusetts  US,357 Graham Quay Unit 94,Brookline,Massachusetts,Norfolk County,25021,02446,42.31829212835415,-71.12583838906248,1136536.45,463594.53,83579
688137a2-9e79-8610-ee80-daaa0db7c833,2010-12-07,,999-85-2437,,,,Kacy732,Adams676,,,,white,hispanic,F,New Bedford  Massachusetts  US,864 Weber Fort Unit 22,Framingham,Massachusetts,Middlesex County,25017,01702,42.362511613719505,-71.47907721214227,19523.40,0.00,129128
2973e98d-0143-ccb2-7b90-9cef44a8c547,2001-02-17,,999-33-5302,S99966548,X65762708X,Ms.,Frederica279,Langosh790,,,,black,nonhispanic,F,Boston  Massachusetts  US,538 O'Kon Key,Boston,Massachusetts,Suffolk County,25025,02108,42.38549324260426,-71.09871613041815,105641.60,368102.96,114253
4a750312-b50e-04e8-734f-540adb81914e,1983-11-12,,999-99-9243,S99950144,X59546930X,Mr.,Wally311,Torphy630,,,M,white,nonhispanic,M,Chicopee  Massachusetts  US,638 Schultz Lodge,Spencer,Massachusetts,Worcester County,25027,01562,42.28519407164049,-71.99295679997773,37967.20,6480.22,70805
2dfbd671-d0b5-f7f5-9571-cb76793a77e4,1981-06-03,,999-77-3733,S99987255,X52040492X,Mrs.,Lavone763,Klocko335,,Goodwin327,D,white,nonhispanic,F,Fall River  Massachusetts  US,718 Ledner Wynd Suite 43,Middleborough,Massachusetts,Plymouth County,,00000,41.92077836895409,-70.82926969574501,149259.38,725531.84,182590
b0aa9463-9f94-4e07-1062-61cd763ecdf1,1985-11-16,,999-20-3870,S99915243,X13167622X,Mrs.,Ivana95,Marks830,,Green467,M,white,hispanic,F,Lynn  Massachusetts  US,513 Stokes Road Apt 44,Lowell,Massachusetts,Middlesex County,25017,01850,42.608810551233105,-71.35617932957626,312786.34,887469.21,98461
91413368-2ee9-7804-bd47-ab648b91ea30,1966-09-19,2012-06-06,999-82-2998,S99950640,X17016537X,Mr.,Ezekiel373,Klein929,,,D,white,nonhispanic,M,Amherst Center  Massachusetts  US,471 Armstrong Neck Suite 45,Melrose,Massachusetts,Middlesex County,25017,02176,42.48870012190462,-71.05568060871778,117666.27,37084.09,162662
1f1c84aa-adb9-ce92-a2eb-e03883b97b06,1928-06-28,2007-03-05,999-72-1301,S99933528,X8167060X,Mrs.,Giselle809,Greenholt190,,Cassin499,M,asian,nonhispanic,F,Lee  Massachusetts  US,565 Green Esplanade,Norwood,Massachusetts,Norfolk County,25021,02062,42.242497535117444,-71.23635583344327,264701.73,860440.89,30720
23ae3b09-dc28-cb0b-2c6a-45bd4d639aeb,1947-05-26,2014-05-07,999-97-4197,S99990207,X17369888X,Mrs.,Leta870,Kutch271,,Hirthe744,D,white,nonhispanic,F,Belmont  Massachusetts  US,222 Koch Well Unit 30,Sandwich,Massachusetts,Barnstable County,25001,02563,41.70954663279309,-70.44029544929914,290041.93,1795599.54,181391
a7a292a8-ed18-fe8d-7a84-6dcab1cd095f,1953-06-29,,999-39-4423,S99914226,X36262148X,Ms.,Candra395,Spinka232,,,S,white,nonhispanic,F,Chicopee  Massachusetts  US,294 Cruickshank Course Unit 77,North Attleborough,Massachusetts,Bristol County,,00000,41.97822374735659,-71.36646518164697,241830.27,605028.33,135207
88f0fdfb-339e-917d-49a9-0dd25a881352,1935-04-09,2017-10-22,999-41-2515,S99948867,X17311476X,Mrs.,Shavonda114,Monahan736,,Will178,D,black,nonhispanic,F,Townsend  Massachusetts  US,533 Goyette Arcade,Springfield,Massachusetts,Hampden County,25013,01108,42.10585040509523,-72.55724364072893,609851.88,781524.23,76387
ec109395-33af-c054-527d-a9d56d0ef598,1970-11-18,,999-50-9761,S99967914,X39757438X,Mrs.,Agueda283,Greenholt190,,Gerlach374,M,black,nonhispanic,F,Bourne  Massachusetts  US,976 Dibbert Harbor Suite 85,Quincy,Massachusetts,Norfolk County,25021,02186,42.24268715661557,-71.02617943355541,205080.26,1460300.76,23751
dd1bbba7-6740-24ac-3f23-305b63463b74,1964-02-20,2018-01-20,999-45-6519,S99998733,X70974709X,Mr.,Lorenzo669,Griego535,,,M,white,hispanic,M,Portsmouth  Saint John Parish  DM,923 Kuhn Rapid Suite 17,Peabody,Massachusetts,Essex County,25009,01960,42.49378040147232,-70.94851723040276,51412.49,722781.57,20141
d0ccaff1-6126-41c3-beab-d7748b03d17b,1960-07-08,,999-61-9328,S99912542,X16932768X,Ms.,Maya972,Lubowitz58,,,S,black,nonhispanic,F,Fitchburg  Massachusetts  US,990 Miller Dam,Abington,Massachusetts,Plymouth County,25023,02351,42.15138121318807,-70.91384963711916,64516.08,1155703.00,13231
aaba583d-f517-4969-ea28-5198ee659d67,1961-04-19,,999-59-4977,S99992418,X51625292X,Mr.,Gary33,Nader710,,,W,white,nonhispanic,M,Lynn  Massachusetts  US,915 Shields Heights,Billerica,Massachusetts,Middlesex County,,00000,42.54547886248453,-71.27354362345243,270038.31,422635.09,139408
1aed6c1c-a6ea-76d6-62f1-7ae09d61bbc4,1966-09-19,,999-80-9352,S99992838,X4728895X,Mr.,Bert917,Kuhic920,,,M,white,nonhispanic,M,Barnstable  Massachusetts  US,470 Powlowski Fort,Melrose,Massachusetts,Middlesex County,25017,02176,42.46701457694726,-71.05335646679359,74388.86,21669.65,162662
91e20e45-2171-9c64-6155-b1b86cf08573,1928-06-28,2012-04-14,999-64-7975,S99981682,X60129140X,Ms.,Sherril389,Stamm704,,,S,asian,nonhispanic,F,Boston  Massachusetts  US,367 Abshire Course Unit 49,Norwood,Massachusetts,Norfolk County,25021,02062,42.18985721050947,-71.15273639334445,353068.19,1680911.07,30720
9e7387f9-3640-89f6-be2f-ce2ff5eb9357,1964-02-20,,999-98-9299,S99928099,X63118089X,Mr.,Julio César525,Escamilla823,,,M,white,hispanic,M,Wesley  Saint Andrew Parish  DM,281 Walker Course Apt 31,Peabody,Massachusetts,Essex County,25009,01940,42.53825893866539,-70.97218364350276,10606.06,201855.95,20141
48f29c64-f796-b839-2900-9601460bcbe6,1947-05-26,,999-59-1579,S99974227,X51987452X,Mrs.,Quyen270,Pollich983,,Will178,M,white,nonhispanic,F,Newburyport  Massachusetts  US,141 Zemlak Boulevard,Sandwich,Massachusetts,Barnstable County,25001,02563,41.76189974129688,-70.47597145064799,289961.70,771508.57,181391
424f9310-a8cb-0e83-a689-be0eb96b3830,1935-04-09,,999-13-8248,S99938689,X34795205X,Mrs.,Alethia102,Friesen796,,Beatty507,D,black,nonhispanic,F,Acushnet Center  Massachusetts  US,298 Reynolds Meadow Apt 22,Springfield,Massachusetts,Hampden County,25013,01106,42.070570500662036,-72.48865406807336,1465345.40,1711512.27,76387
302baec2-d05c-f7c6-7e68-6d66fc79b2fd,1928-06-28,2014-03-15,999-30-9013,S99994534,X46619253X,Ms.,Courtney281,Nikolaus26,,,S,asian,nonhispanic,F,Salem  Massachusetts  US,1005 Lesch Branch,Norwood,Massachusetts,Norfolk County,25021,02090,42.19749478707047,-71.2281218634153,207732.40,752232.58,30720
e6aa7f0b-f21a-2d4a-5545-a2c1be2cc129,1928-06-28,1987-09-26,999-68-5271,S99930203,X33174079X,Mrs.,Jovan870,Collier206,,Marquardt819,M,asian,nonhispanic,F,Fall River  Massachusetts  US,682 Goodwin Alley,Norwood,Massachusetts,Norfolk County,25021,02062,42.14991592910328,-71.16391981392732,239735.17,1178610.18,30720
e1da9048-174d-28ab-ae84-43ef10684067,1928-06-28,2008-06-14,999-25-5204,S99957865,X57741963X,Mrs.,Suzanne628,Lueilwitz711,,Kulas532,D,asian,nonhispanic,F,Westport  Massachusetts  US,480 Rau Bypass Suite 55,Norwood,Massachusetts,Norfolk County,25021,02090,42.252191569826984,-71.24150819099602,302358.09,1683986.47,30720
9a69214a-f584-ae25-d9eb-97ca2956f196,1928-06-28,2001-08-21,999-98-9868,S99950161,X88981066X,Ms.,Jamee262,Labadie908,,,S,asian,nonhispanic,F,Monson  Massachusetts  US,720 Schaden Viaduct Apt 41,Norwood,Massachusetts,Norfolk County,25021,02062,42.253050699904364,-71.23587673113623,399723.98,1551035.40,30720
4e24a7e0-8b7a-f921-c676-11a76f08c722,1928-06-28,1978-07-06,999-77-9923,S99931952,X80947581X,Mrs.,Meri607,Schumm995,,Fahey393,M,asian,nonhispanic,F,Amesbury  Massachusetts  US,568 Parker Track,Norwood,Massachusetts,Norfolk County,25021,02090,42.183776066388795,-71.23585891169054,147623.15,1204213.85,30720
7255df58-6587-3bf6-003d-6acc9641f154,1928-06-28,2017-03-25,999-40-4734,S99969147,X26794106X,Mrs.,Brenda158,Borer986,,Lueilwitz711,M,asian,nonhispanic,F,Amherst  Massachusetts  US,426 Gulgowski Key,Norwood,Massachusetts,Norfolk County,25021,02062,42.18049438638971,-71.21491622522004,300050.32,2123067.99,30720
7b2683ff-ad72-a3f3-786c-a6dcdfd2fedb,1928-06-28,,999-42-2119,S99983549,X21190781X,Ms.,Adrian111,Hackett68,,,S,asian,nonhispanic,F,Acton  Massachusetts  US,506 Tremblay Harbor,Norwood,Massachusetts,Norfolk County,25021,02090,42.188229276189,-71.2401337651891,484555.03,1426196.98,30720
